[
    {
        "especie": "Cedrela odorata",
        "ubicacion": "Reserva Natural El Triunfo, Chiapas",
        "fecha_plantacion": "08/03/2025",
        "fecha_registro": "16/05/2025 17:45:49",
        "imagen": "20250516_174549_Cedrela_odorata.jpg"
    },
    {
        "especie": "Roble americano",
        "ubicacion": "Parque Central, Avenida Principal",
        "fecha_plantacion": "15/03/2023",
        "fecha_registro": "16/05/2025 18:24:50",
        "imagen": "20250516_182450_roble.jpg"
    },
    {
        "especie": "Caoba",
        "ubicacion": "Reserva de la Biósfera Montes Azules, Chiapas",
        "fecha_plantacion": "22/04/2025",
        "fecha_registro": "16/05/2025 19:26:35",
        "imagen": "20250516_192635_Caoba.png"
    },
    {
        "especie": "Jacaranda",
        "ubicacion": "Parque Bicentenario, Ciudad de México",
        "fecha_plantacion": "17/05/2021",
        "fecha_registro": "17/05/2025 19:39:27",
        "imagen": "20250517_193927_Jacaranda mimosifolia.png"
    },
    {
        "especie": "Encino roble",
        "ubicacion": "Bosque de Tlalpan, Ciudad de México",
        "fecha_plantacion": "12/04/2025",
        "fecha_registro": "17/05/2025 20:41:09",
        "imagen": "20250517_204109_encino.jpg"
    },
    {
        "especie": "Pirul",
        "ubicacion": "Reserva Ecológica El Pedregal, CDMX",
        "fecha_plantacion": "23/03/2018",
        "fecha_registro": "17/05/2025 21:20:37",
        "imagen": "20250517_212037_Pirul.jpg"
    },
    {
        "especie": "Colorín",
        "ubicacion": "Jardín Botánico de Chapultepec, CDMX",
        "fecha_plantacion": "01/03/2025",
        "fecha_registro": "17/05/2025 21:28:13",
        "imagen": "20250517_212813_colorin.jpeg"
    },
    {
        "especie": "Ayacahuite",
        "ubicacion": "Sierra Norte de Oaxaca",
        "fecha_plantacion": "14/02/1990",
        "fecha_registro": "17/05/2025 21:42:49",
        "imagen": "20250517_214249_ayacahuite.jpg"
    }
]